1736816137.905334774,raspberrypi1,0.000000109364583,kubernetes_cgrp_cpu,d26f107003309bbde618081f24c0058b0b45ada6a7e36df5826eb7393beff3ff
1736816138.470739705,raspberrypi1,0.000000114147917,kubernetes_cgrp_cpu,d26f107003309bbde618081f24c0058b0b45ada6a7e36df5826eb7393beff3ff
1736816138.915787039,raspberrypi1,0.000000114147917,kubernetes_cgrp_cpu,d26f107003309bbde618081f24c0058b0b45ada6a7e36df5826eb7393beff3ff
1736816139.469016785,raspberrypi1,0.000000114147917,kubernetes_cgrp_cpu,d26f107003309bbde618081f24c0058b0b45ada6a7e36df5826eb7393beff3ff
1736816139.896134607,raspberrypi1,0.000000114147917,kubernetes_cgrp_cpu,d26f107003309bbde618081f24c0058b0b45ada6a7e36df5826eb7393beff3ff
1736816140.398396269,raspberrypi1,0.000000114147917,kubernetes_cgrp_cpu,d26f107003309bbde618081f24c0058b0b45ada6a7e36df5826eb7393beff3ff
1736816140.897188493,raspberrypi1,0.000000114147917,kubernetes_cgrp_cpu,d26f107003309bbde618081f24c0058b0b45ada6a7e36df5826eb7393beff3ff
1736816141.396618505,raspberrypi1,0.000000114147917,kubernetes_cgrp_cpu,d26f107003309bbde618081f24c0058b0b45ada6a7e36df5826eb7393beff3ff
1736816141.897416839,raspberrypi1,0.000000114147917,kubernetes_cgrp_cpu,d26f107003309bbde618081f24c0058b0b45ada6a7e36df5826eb7393beff3ff
1736816142.397511049,raspberrypi1,0.000000114147917,kubernetes_cgrp_cpu,d26f107003309bbde618081f24c0058b0b45ada6a7e36df5826eb7393beff3ff
1736816142.898160221,raspberrypi1,0.000000114147917,kubernetes_cgrp_cpu,d26f107003309bbde618081f24c0058b0b45ada6a7e36df5826eb7393beff3ff
1736816143.399535826,raspberrypi1,0.000000114147917,kubernetes_cgrp_cpu,d26f107003309bbde618081f24c0058b0b45ada6a7e36df5826eb7393beff3ff
1736816143.900815993,raspberrypi1,0.000000114147917,kubernetes_cgrp_cpu,d26f107003309bbde618081f24c0058b0b45ada6a7e36df5826eb7393beff3ff
1736816144.399926813,raspberrypi1,0.000000114147917,kubernetes_cgrp_cpu,d26f107003309bbde618081f24c0058b0b45ada6a7e36df5826eb7393beff3ff
1736816144.902294488,raspberrypi1,0.000000114147917,kubernetes_cgrp_cpu,d26f107003309bbde618081f24c0058b0b45ada6a7e36df5826eb7393beff3ff
1736816145.407865329,raspberrypi1,0.000000114147917,kubernetes_cgrp_cpu,d26f107003309bbde618081f24c0058b0b45ada6a7e36df5826eb7393beff3ff
1736816145.896415165,raspberrypi1,0.000000114147917,kubernetes_cgrp_cpu,d26f107003309bbde618081f24c0058b0b45ada6a7e36df5826eb7393beff3ff
1736816146.407103783,raspberrypi1,0.000000114147917,kubernetes_cgrp_cpu,d26f107003309bbde618081f24c0058b0b45ada6a7e36df5826eb7393beff3ff
1736816146.899816407,raspberrypi1,0.000000119110870,kubernetes_cgrp_cpu,d26f107003309bbde618081f24c0058b0b45ada6a7e36df5826eb7393beff3ff
1736816147.397840098,raspberrypi1,0.000000114147917,kubernetes_cgrp_cpu,d26f107003309bbde618081f24c0058b0b45ada6a7e36df5826eb7393beff3ff
1736816147.902539625,raspberrypi1,0.000000114147917,kubernetes_cgrp_cpu,d26f107003309bbde618081f24c0058b0b45ada6a7e36df5826eb7393beff3ff
1736816148.406998523,raspberrypi1,0.000000114147917,kubernetes_cgrp_cpu,d26f107003309bbde618081f24c0058b0b45ada6a7e36df5826eb7393beff3ff
1736816148.905036572,raspberrypi1,0.000000114147917,kubernetes_cgrp_cpu,d26f107003309bbde618081f24c0058b0b45ada6a7e36df5826eb7393beff3ff
1736816149.397800161,raspberrypi1,0.000000114147917,kubernetes_cgrp_cpu,d26f107003309bbde618081f24c0058b0b45ada6a7e36df5826eb7393beff3ff
1736816149.922007583,raspberrypi1,0.000000114147917,kubernetes_cgrp_cpu,d26f107003309bbde618081f24c0058b0b45ada6a7e36df5826eb7393beff3ff
1736816150.397607109,raspberrypi1,0.000000114147917,kubernetes_cgrp_cpu,d26f107003309bbde618081f24c0058b0b45ada6a7e36df5826eb7393beff3ff
1736816150.897732343,raspberrypi1,0.000000114147917,kubernetes_cgrp_cpu,d26f107003309bbde618081f24c0058b0b45ada6a7e36df5826eb7393beff3ff
1736816151.398982581,raspberrypi1,0.000000114147917,kubernetes_cgrp_cpu,d26f107003309bbde618081f24c0058b0b45ada6a7e36df5826eb7393beff3ff
1736816151.897358040,raspberrypi1,0.000000114147917,kubernetes_cgrp_cpu,d26f107003309bbde618081f24c0058b0b45ada6a7e36df5826eb7393beff3ff
1736816152.398179396,raspberrypi1,0.000000114147917,kubernetes_cgrp_cpu,d26f107003309bbde618081f24c0058b0b45ada6a7e36df5826eb7393beff3ff
1736816152.898812537,raspberrypi1,0.000000114147917,kubernetes_cgrp_cpu,d26f107003309bbde618081f24c0058b0b45ada6a7e36df5826eb7393beff3ff
1736816153.399127234,raspberrypi1,0.000000114147917,kubernetes_cgrp_cpu,d26f107003309bbde618081f24c0058b0b45ada6a7e36df5826eb7393beff3ff
1736816153.900740254,raspberrypi1,0.000000114147917,kubernetes_cgrp_cpu,d26f107003309bbde618081f24c0058b0b45ada6a7e36df5826eb7393beff3ff
1736816154.398426372,raspberrypi1,0.000000114147917,kubernetes_cgrp_cpu,d26f107003309bbde618081f24c0058b0b45ada6a7e36df5826eb7393beff3ff
1736816154.908371505,raspberrypi1,0.000000114147917,kubernetes_cgrp_cpu,d26f107003309bbde618081f24c0058b0b45ada6a7e36df5826eb7393beff3ff
1736816155.403085343,raspberrypi1,0.000000119110870,kubernetes_cgrp_cpu,d26f107003309bbde618081f24c0058b0b45ada6a7e36df5826eb7393beff3ff
1736816155.896300683,raspberrypi1,0.000000114147917,kubernetes_cgrp_cpu,d26f107003309bbde618081f24c0058b0b45ada6a7e36df5826eb7393beff3ff
1736816156.407536859,raspberrypi1,0.000000114147917,kubernetes_cgrp_cpu,d26f107003309bbde618081f24c0058b0b45ada6a7e36df5826eb7393beff3ff
1736816156.897536032,raspberrypi1,0.000000119110870,kubernetes_cgrp_cpu,d26f107003309bbde618081f24c0058b0b45ada6a7e36df5826eb7393beff3ff
1736816157.401566419,raspberrypi1,0.000000114147917,kubernetes_cgrp_cpu,d26f107003309bbde618081f24c0058b0b45ada6a7e36df5826eb7393beff3ff
1736816157.900161240,raspberrypi1,0.000000114147917,kubernetes_cgrp_cpu,d26f107003309bbde618081f24c0058b0b45ada6a7e36df5826eb7393beff3ff
1736816158.397086744,raspberrypi1,0.000000114147917,kubernetes_cgrp_cpu,d26f107003309bbde618081f24c0058b0b45ada6a7e36df5826eb7393beff3ff
1736816158.899993613,raspberrypi1,0.000000119110870,kubernetes_cgrp_cpu,d26f107003309bbde618081f24c0058b0b45ada6a7e36df5826eb7393beff3ff
1736816159.396843194,raspberrypi1,0.000000114147917,kubernetes_cgrp_cpu,d26f107003309bbde618081f24c0058b0b45ada6a7e36df5826eb7393beff3ff
1736816159.900714758,raspberrypi1,0.000000114147917,kubernetes_cgrp_cpu,d26f107003309bbde618081f24c0058b0b45ada6a7e36df5826eb7393beff3ff
1736816160.408896180,raspberrypi1,0.000000114147917,kubernetes_cgrp_cpu,d26f107003309bbde618081f24c0058b0b45ada6a7e36df5826eb7393beff3ff
1736816160.900903652,raspberrypi1,0.000000114147917,kubernetes_cgrp_cpu,d26f107003309bbde618081f24c0058b0b45ada6a7e36df5826eb7393beff3ff
1736816161.399896621,raspberrypi1,0.000000114147917,kubernetes_cgrp_cpu,d26f107003309bbde618081f24c0058b0b45ada6a7e36df5826eb7393beff3ff
1736816161.896765394,raspberrypi1,0.000000119110870,kubernetes_cgrp_cpu,d26f107003309bbde618081f24c0058b0b45ada6a7e36df5826eb7393beff3ff
1736816162.400425610,raspberrypi1,0.000000114147917,kubernetes_cgrp_cpu,d26f107003309bbde618081f24c0058b0b45ada6a7e36df5826eb7393beff3ff
1736816162.905267855,raspberrypi1,0.000000119110870,kubernetes_cgrp_cpu,d26f107003309bbde618081f24c0058b0b45ada6a7e36df5826eb7393beff3ff
1736816163.398547999,raspberrypi1,0.000000114147917,kubernetes_cgrp_cpu,d26f107003309bbde618081f24c0058b0b45ada6a7e36df5826eb7393beff3ff
1736816163.901672060,raspberrypi1,0.000000114147917,kubernetes_cgrp_cpu,d26f107003309bbde618081f24c0058b0b45ada6a7e36df5826eb7393beff3ff
1736816164.396814242,raspberrypi1,0.000000114147917,kubernetes_cgrp_cpu,d26f107003309bbde618081f24c0058b0b45ada6a7e36df5826eb7393beff3ff
1736816164.901696138,raspberrypi1,0.000000114147917,kubernetes_cgrp_cpu,d26f107003309bbde618081f24c0058b0b45ada6a7e36df5826eb7393beff3ff
1736816165.399081723,raspberrypi1,0.000000114147917,kubernetes_cgrp_cpu,d26f107003309bbde618081f24c0058b0b45ada6a7e36df5826eb7393beff3ff
1736816165.899758999,raspberrypi1,0.000000114147917,kubernetes_cgrp_cpu,d26f107003309bbde618081f24c0058b0b45ada6a7e36df5826eb7393beff3ff
1736816166.400313719,raspberrypi1,0.000000114147917,kubernetes_cgrp_cpu,d26f107003309bbde618081f24c0058b0b45ada6a7e36df5826eb7393beff3ff
1736816166.926258080,raspberrypi1,0.000000114147917,kubernetes_cgrp_cpu,d26f107003309bbde618081f24c0058b0b45ada6a7e36df5826eb7393beff3ff
1736816167.399446925,raspberrypi1,0.000000114147917,kubernetes_cgrp_cpu,d26f107003309bbde618081f24c0058b0b45ada6a7e36df5826eb7393beff3ff
1736816167.898109356,raspberrypi1,0.000000114147917,kubernetes_cgrp_cpu,d26f107003309bbde618081f24c0058b0b45ada6a7e36df5826eb7393beff3ff
1736816168.400015564,raspberrypi1,0.000000114147917,kubernetes_cgrp_cpu,d26f107003309bbde618081f24c0058b0b45ada6a7e36df5826eb7393beff3ff
1736816168.906698504,raspberrypi1,0.000000114147917,kubernetes_cgrp_cpu,d26f107003309bbde618081f24c0058b0b45ada6a7e36df5826eb7393beff3ff
1736816169.397216723,raspberrypi1,0.000000119110870,kubernetes_cgrp_cpu,d26f107003309bbde618081f24c0058b0b45ada6a7e36df5826eb7393beff3ff
1736816169.904861766,raspberrypi1,0.000000114147917,kubernetes_cgrp_cpu,d26f107003309bbde618081f24c0058b0b45ada6a7e36df5826eb7393beff3ff
1736816170.397570796,raspberrypi1,0.000000114147917,kubernetes_cgrp_cpu,d26f107003309bbde618081f24c0058b0b45ada6a7e36df5826eb7393beff3ff
1736816170.896862706,raspberrypi1,0.000000119110870,kubernetes_cgrp_cpu,d26f107003309bbde618081f24c0058b0b45ada6a7e36df5826eb7393beff3ff
1736816171.398786660,raspberrypi1,0.000000114147917,kubernetes_cgrp_cpu,d26f107003309bbde618081f24c0058b0b45ada6a7e36df5826eb7393beff3ff
1736816171.896225239,raspberrypi1,0.000000114147917,kubernetes_cgrp_cpu,d26f107003309bbde618081f24c0058b0b45ada6a7e36df5826eb7393beff3ff
1736816172.400402430,raspberrypi1,0.000000114147917,kubernetes_cgrp_cpu,d26f107003309bbde618081f24c0058b0b45ada6a7e36df5826eb7393beff3ff
1736816172.899182162,raspberrypi1,0.000000114147917,kubernetes_cgrp_cpu,d26f107003309bbde618081f24c0058b0b45ada6a7e36df5826eb7393beff3ff
1736816173.400366034,raspberrypi1,0.000000119110870,kubernetes_cgrp_cpu,d26f107003309bbde618081f24c0058b0b45ada6a7e36df5826eb7393beff3ff
1736816173.898777902,raspberrypi1,0.000000114147917,kubernetes_cgrp_cpu,d26f107003309bbde618081f24c0058b0b45ada6a7e36df5826eb7393beff3ff
1736816174.399057303,raspberrypi1,0.000000114147917,kubernetes_cgrp_cpu,d26f107003309bbde618081f24c0058b0b45ada6a7e36df5826eb7393beff3ff
1736816174.898189608,raspberrypi1,0.000000114147917,kubernetes_cgrp_cpu,d26f107003309bbde618081f24c0058b0b45ada6a7e36df5826eb7393beff3ff
1736816179.400939893,raspberrypi1,0.000000108972917,kubernetes_cgrp_cpu,2346be3f87dd957e3fc8cf2d37ff53a92fc858b4839628bcee88c1d54c6f983e
1736816179.905368929,raspberrypi1,0.000000113218750,kubernetes_cgrp_cpu,2346be3f87dd957e3fc8cf2d37ff53a92fc858b4839628bcee88c1d54c6f983e
1736816180.395123536,raspberrypi1,0.000000113218750,kubernetes_cgrp_cpu,2346be3f87dd957e3fc8cf2d37ff53a92fc858b4839628bcee88c1d54c6f983e
1736816180.897890960,raspberrypi1,0.000000113218750,kubernetes_cgrp_cpu,2346be3f87dd957e3fc8cf2d37ff53a92fc858b4839628bcee88c1d54c6f983e
1736816181.394934365,raspberrypi1,0.000000113218750,kubernetes_cgrp_cpu,2346be3f87dd957e3fc8cf2d37ff53a92fc858b4839628bcee88c1d54c6f983e
1736816181.896069511,raspberrypi1,0.000000113218750,kubernetes_cgrp_cpu,2346be3f87dd957e3fc8cf2d37ff53a92fc858b4839628bcee88c1d54c6f983e
1736816182.403568145,raspberrypi1,0.000000113218750,kubernetes_cgrp_cpu,2346be3f87dd957e3fc8cf2d37ff53a92fc858b4839628bcee88c1d54c6f983e
1736816182.896824074,raspberrypi1,0.000000113218750,kubernetes_cgrp_cpu,2346be3f87dd957e3fc8cf2d37ff53a92fc858b4839628bcee88c1d54c6f983e
1736816183.395964589,raspberrypi1,0.000000113218750,kubernetes_cgrp_cpu,2346be3f87dd957e3fc8cf2d37ff53a92fc858b4839628bcee88c1d54c6f983e
1736816183.893119443,raspberrypi1,0.000000113218750,kubernetes_cgrp_cpu,2346be3f87dd957e3fc8cf2d37ff53a92fc858b4839628bcee88c1d54c6f983e
1736816184.397770571,raspberrypi1,0.000000113218750,kubernetes_cgrp_cpu,2346be3f87dd957e3fc8cf2d37ff53a92fc858b4839628bcee88c1d54c6f983e
1736816184.895830102,raspberrypi1,0.000000113218750,kubernetes_cgrp_cpu,2346be3f87dd957e3fc8cf2d37ff53a92fc858b4839628bcee88c1d54c6f983e
1736816185.421151639,raspberrypi1,0.000000118141304,kubernetes_cgrp_cpu,2346be3f87dd957e3fc8cf2d37ff53a92fc858b4839628bcee88c1d54c6f983e
1736816185.896797707,raspberrypi1,0.000000113218750,kubernetes_cgrp_cpu,2346be3f87dd957e3fc8cf2d37ff53a92fc858b4839628bcee88c1d54c6f983e
1736816186.405020913,raspberrypi1,0.000000113218750,kubernetes_cgrp_cpu,2346be3f87dd957e3fc8cf2d37ff53a92fc858b4839628bcee88c1d54c6f983e
1736816186.895200060,raspberrypi1,0.000000113218750,kubernetes_cgrp_cpu,2346be3f87dd957e3fc8cf2d37ff53a92fc858b4839628bcee88c1d54c6f983e
1736816187.396739963,raspberrypi1,0.000000113218750,kubernetes_cgrp_cpu,2346be3f87dd957e3fc8cf2d37ff53a92fc858b4839628bcee88c1d54c6f983e
1736816187.895573063,raspberrypi1,0.000000113218750,kubernetes_cgrp_cpu,2346be3f87dd957e3fc8cf2d37ff53a92fc858b4839628bcee88c1d54c6f983e
1736816188.414413261,raspberrypi1,0.000000113218750,kubernetes_cgrp_cpu,2346be3f87dd957e3fc8cf2d37ff53a92fc858b4839628bcee88c1d54c6f983e
1736816188.900223618,raspberrypi1,0.000000113218750,kubernetes_cgrp_cpu,2346be3f87dd957e3fc8cf2d37ff53a92fc858b4839628bcee88c1d54c6f983e
1736816189.396024911,raspberrypi1,0.000000113218750,kubernetes_cgrp_cpu,2346be3f87dd957e3fc8cf2d37ff53a92fc858b4839628bcee88c1d54c6f983e
1736816189.893352250,raspberrypi1,0.000000113218750,kubernetes_cgrp_cpu,2346be3f87dd957e3fc8cf2d37ff53a92fc858b4839628bcee88c1d54c6f983e
1736816190.395613963,raspberrypi1,0.000000113218750,kubernetes_cgrp_cpu,2346be3f87dd957e3fc8cf2d37ff53a92fc858b4839628bcee88c1d54c6f983e
1736816190.896707135,raspberrypi1,0.000000113218750,kubernetes_cgrp_cpu,2346be3f87dd957e3fc8cf2d37ff53a92fc858b4839628bcee88c1d54c6f983e
1736816191.395507901,raspberrypi1,0.000000113218750,kubernetes_cgrp_cpu,2346be3f87dd957e3fc8cf2d37ff53a92fc858b4839628bcee88c1d54c6f983e
1736816191.896345040,raspberrypi1,0.000000113218750,kubernetes_cgrp_cpu,2346be3f87dd957e3fc8cf2d37ff53a92fc858b4839628bcee88c1d54c6f983e
1736816192.396333036,raspberrypi1,0.000000113218750,kubernetes_cgrp_cpu,2346be3f87dd957e3fc8cf2d37ff53a92fc858b4839628bcee88c1d54c6f983e
1736816192.895613746,raspberrypi1,0.000000113218750,kubernetes_cgrp_cpu,2346be3f87dd957e3fc8cf2d37ff53a92fc858b4839628bcee88c1d54c6f983e
1736816193.395518706,raspberrypi1,0.000000113218750,kubernetes_cgrp_cpu,2346be3f87dd957e3fc8cf2d37ff53a92fc858b4839628bcee88c1d54c6f983e
1736816193.898281531,raspberrypi1,0.000000113218750,kubernetes_cgrp_cpu,2346be3f87dd957e3fc8cf2d37ff53a92fc858b4839628bcee88c1d54c6f983e
1736816194.395102743,raspberrypi1,0.000000113218750,kubernetes_cgrp_cpu,2346be3f87dd957e3fc8cf2d37ff53a92fc858b4839628bcee88c1d54c6f983e
1736816194.897909366,raspberrypi1,0.000000113218750,kubernetes_cgrp_cpu,2346be3f87dd957e3fc8cf2d37ff53a92fc858b4839628bcee88c1d54c6f983e
1736816195.395280906,raspberrypi1,0.000000113218750,kubernetes_cgrp_cpu,2346be3f87dd957e3fc8cf2d37ff53a92fc858b4839628bcee88c1d54c6f983e
1736816195.899949660,raspberrypi1,0.000000113218750,kubernetes_cgrp_cpu,2346be3f87dd957e3fc8cf2d37ff53a92fc858b4839628bcee88c1d54c6f983e
1736816196.398408913,raspberrypi1,0.000000118141304,kubernetes_cgrp_cpu,2346be3f87dd957e3fc8cf2d37ff53a92fc858b4839628bcee88c1d54c6f983e
1736816196.908840557,raspberrypi1,0.000000113218750,kubernetes_cgrp_cpu,2346be3f87dd957e3fc8cf2d37ff53a92fc858b4839628bcee88c1d54c6f983e
1736816197.399353978,raspberrypi1,0.000000113218750,kubernetes_cgrp_cpu,2346be3f87dd957e3fc8cf2d37ff53a92fc858b4839628bcee88c1d54c6f983e
1736816197.896814152,raspberrypi1,0.000000113218750,kubernetes_cgrp_cpu,2346be3f87dd957e3fc8cf2d37ff53a92fc858b4839628bcee88c1d54c6f983e
1736816198.389954474,raspberrypi1,0.000000113218750,kubernetes_cgrp_cpu,2346be3f87dd957e3fc8cf2d37ff53a92fc858b4839628bcee88c1d54c6f983e
1736816198.903950124,raspberrypi1,0.000000113218750,kubernetes_cgrp_cpu,2346be3f87dd957e3fc8cf2d37ff53a92fc858b4839628bcee88c1d54c6f983e
1736816199.397916846,raspberrypi1,0.000000113218750,kubernetes_cgrp_cpu,2346be3f87dd957e3fc8cf2d37ff53a92fc858b4839628bcee88c1d54c6f983e
1736816199.893886405,raspberrypi1,0.000000113218750,kubernetes_cgrp_cpu,2346be3f87dd957e3fc8cf2d37ff53a92fc858b4839628bcee88c1d54c6f983e
1736816200.396107328,raspberrypi1,0.000000113218750,kubernetes_cgrp_cpu,2346be3f87dd957e3fc8cf2d37ff53a92fc858b4839628bcee88c1d54c6f983e
1736816200.900938379,raspberrypi1,0.000000113218750,kubernetes_cgrp_cpu,2346be3f87dd957e3fc8cf2d37ff53a92fc858b4839628bcee88c1d54c6f983e
1736816201.397594132,raspberrypi1,0.000000113218750,kubernetes_cgrp_cpu,2346be3f87dd957e3fc8cf2d37ff53a92fc858b4839628bcee88c1d54c6f983e
1736816201.891554951,raspberrypi1,0.000000113218750,kubernetes_cgrp_cpu,2346be3f87dd957e3fc8cf2d37ff53a92fc858b4839628bcee88c1d54c6f983e
1736816202.397441156,raspberrypi1,0.000000113218750,kubernetes_cgrp_cpu,2346be3f87dd957e3fc8cf2d37ff53a92fc858b4839628bcee88c1d54c6f983e
1736816202.898117117,raspberrypi1,0.000000118141304,kubernetes_cgrp_cpu,2346be3f87dd957e3fc8cf2d37ff53a92fc858b4839628bcee88c1d54c6f983e
1736816203.396875406,raspberrypi1,0.000000113218750,kubernetes_cgrp_cpu,2346be3f87dd957e3fc8cf2d37ff53a92fc858b4839628bcee88c1d54c6f983e
1736816203.902523248,raspberrypi1,0.000000113218750,kubernetes_cgrp_cpu,2346be3f87dd957e3fc8cf2d37ff53a92fc858b4839628bcee88c1d54c6f983e
1736816204.396377156,raspberrypi1,0.000000113218750,kubernetes_cgrp_cpu,2346be3f87dd957e3fc8cf2d37ff53a92fc858b4839628bcee88c1d54c6f983e
1736816204.896357698,raspberrypi1,0.000000113218750,kubernetes_cgrp_cpu,2346be3f87dd957e3fc8cf2d37ff53a92fc858b4839628bcee88c1d54c6f983e
1736816205.394271680,raspberrypi1,0.000000113218750,kubernetes_cgrp_cpu,2346be3f87dd957e3fc8cf2d37ff53a92fc858b4839628bcee88c1d54c6f983e
1736816205.898130539,raspberrypi1,0.000000113218750,kubernetes_cgrp_cpu,2346be3f87dd957e3fc8cf2d37ff53a92fc858b4839628bcee88c1d54c6f983e
1736816206.402023727,raspberrypi1,0.000000113218750,kubernetes_cgrp_cpu,2346be3f87dd957e3fc8cf2d37ff53a92fc858b4839628bcee88c1d54c6f983e
1736816206.895834621,raspberrypi1,0.000000113218750,kubernetes_cgrp_cpu,2346be3f87dd957e3fc8cf2d37ff53a92fc858b4839628bcee88c1d54c6f983e
1736816207.395037703,raspberrypi1,0.000000113218750,kubernetes_cgrp_cpu,2346be3f87dd957e3fc8cf2d37ff53a92fc858b4839628bcee88c1d54c6f983e
1736816207.896788729,raspberrypi1,0.000000113218750,kubernetes_cgrp_cpu,2346be3f87dd957e3fc8cf2d37ff53a92fc858b4839628bcee88c1d54c6f983e
1736816208.395722869,raspberrypi1,0.000000113218750,kubernetes_cgrp_cpu,2346be3f87dd957e3fc8cf2d37ff53a92fc858b4839628bcee88c1d54c6f983e
1736816208.905417324,raspberrypi1,0.000000113218750,kubernetes_cgrp_cpu,2346be3f87dd957e3fc8cf2d37ff53a92fc858b4839628bcee88c1d54c6f983e
1736816209.396192037,raspberrypi1,0.000000113218750,kubernetes_cgrp_cpu,2346be3f87dd957e3fc8cf2d37ff53a92fc858b4839628bcee88c1d54c6f983e
1736816209.897110534,raspberrypi1,0.000000113218750,kubernetes_cgrp_cpu,2346be3f87dd957e3fc8cf2d37ff53a92fc858b4839628bcee88c1d54c6f983e
1736816210.414860784,raspberrypi1,0.000000113218750,kubernetes_cgrp_cpu,2346be3f87dd957e3fc8cf2d37ff53a92fc858b4839628bcee88c1d54c6f983e
1736816210.901544982,raspberrypi1,0.000000113218750,kubernetes_cgrp_cpu,2346be3f87dd957e3fc8cf2d37ff53a92fc858b4839628bcee88c1d54c6f983e
1736816211.396757581,raspberrypi1,0.000000113218750,kubernetes_cgrp_cpu,2346be3f87dd957e3fc8cf2d37ff53a92fc858b4839628bcee88c1d54c6f983e
1736816211.893679095,raspberrypi1,0.000000113218750,kubernetes_cgrp_cpu,2346be3f87dd957e3fc8cf2d37ff53a92fc858b4839628bcee88c1d54c6f983e
1736816212.407317697,raspberrypi1,0.000000113218750,kubernetes_cgrp_cpu,2346be3f87dd957e3fc8cf2d37ff53a92fc858b4839628bcee88c1d54c6f983e
1736816212.896642277,raspberrypi1,0.000000113218750,kubernetes_cgrp_cpu,2346be3f87dd957e3fc8cf2d37ff53a92fc858b4839628bcee88c1d54c6f983e
1736816213.396044450,raspberrypi1,0.000000113218750,kubernetes_cgrp_cpu,2346be3f87dd957e3fc8cf2d37ff53a92fc858b4839628bcee88c1d54c6f983e
1736816213.902080050,raspberrypi1,0.000000113218750,kubernetes_cgrp_cpu,2346be3f87dd957e3fc8cf2d37ff53a92fc858b4839628bcee88c1d54c6f983e
1736816214.396879355,raspberrypi1,0.000000113218750,kubernetes_cgrp_cpu,2346be3f87dd957e3fc8cf2d37ff53a92fc858b4839628bcee88c1d54c6f983e
1736816214.911485306,raspberrypi1,0.000000113218750,kubernetes_cgrp_cpu,2346be3f87dd957e3fc8cf2d37ff53a92fc858b4839628bcee88c1d54c6f983e
1736816219.933756043,raspberrypi1,0.000000112992708,kubernetes_cgrp_cpu,df8e98997558e3eccece894a42c360cd329e549b0f2e3f1e711f8b9cd40b9c2d
1736816220.402103962,raspberrypi1,0.000000112992708,kubernetes_cgrp_cpu,df8e98997558e3eccece894a42c360cd329e549b0f2e3f1e711f8b9cd40b9c2d
1736816220.907234532,raspberrypi1,0.000000112992708,kubernetes_cgrp_cpu,df8e98997558e3eccece894a42c360cd329e549b0f2e3f1e711f8b9cd40b9c2d
1736816221.401392247,raspberrypi1,0.000000117905435,kubernetes_cgrp_cpu,df8e98997558e3eccece894a42c360cd329e549b0f2e3f1e711f8b9cd40b9c2d
1736816221.900885957,raspberrypi1,0.000000112992708,kubernetes_cgrp_cpu,df8e98997558e3eccece894a42c360cd329e549b0f2e3f1e711f8b9cd40b9c2d
1736816222.402928623,raspberrypi1,0.000000112992708,kubernetes_cgrp_cpu,df8e98997558e3eccece894a42c360cd329e549b0f2e3f1e711f8b9cd40b9c2d
1736816222.912146066,raspberrypi1,0.000000112992708,kubernetes_cgrp_cpu,df8e98997558e3eccece894a42c360cd329e549b0f2e3f1e711f8b9cd40b9c2d
1736816223.400660587,raspberrypi1,0.000000112992708,kubernetes_cgrp_cpu,df8e98997558e3eccece894a42c360cd329e549b0f2e3f1e711f8b9cd40b9c2d
1736816223.901019252,raspberrypi1,0.000000112992708,kubernetes_cgrp_cpu,df8e98997558e3eccece894a42c360cd329e549b0f2e3f1e711f8b9cd40b9c2d
1736816224.401496671,raspberrypi1,0.000000112992708,kubernetes_cgrp_cpu,df8e98997558e3eccece894a42c360cd329e549b0f2e3f1e711f8b9cd40b9c2d
1736816224.900352533,raspberrypi1,0.000000112992708,kubernetes_cgrp_cpu,df8e98997558e3eccece894a42c360cd329e549b0f2e3f1e711f8b9cd40b9c2d
1736816225.477146943,raspberrypi1,0.000000112992708,kubernetes_cgrp_cpu,df8e98997558e3eccece894a42c360cd329e549b0f2e3f1e711f8b9cd40b9c2d
1736816225.899183947,raspberrypi1,0.000000112992708,kubernetes_cgrp_cpu,df8e98997558e3eccece894a42c360cd329e549b0f2e3f1e711f8b9cd40b9c2d
1736816226.400855096,raspberrypi1,0.000000112992708,kubernetes_cgrp_cpu,df8e98997558e3eccece894a42c360cd329e549b0f2e3f1e711f8b9cd40b9c2d
1736816226.906740769,raspberrypi1,0.000000112992708,kubernetes_cgrp_cpu,df8e98997558e3eccece894a42c360cd329e549b0f2e3f1e711f8b9cd40b9c2d
1736816227.401452401,raspberrypi1,0.000000117905435,kubernetes_cgrp_cpu,df8e98997558e3eccece894a42c360cd329e549b0f2e3f1e711f8b9cd40b9c2d
1736816227.899981487,raspberrypi1,0.000000112992708,kubernetes_cgrp_cpu,df8e98997558e3eccece894a42c360cd329e549b0f2e3f1e711f8b9cd40b9c2d
1736816228.413418741,raspberrypi1,0.000000112992708,kubernetes_cgrp_cpu,df8e98997558e3eccece894a42c360cd329e549b0f2e3f1e711f8b9cd40b9c2d
1736816228.908237301,raspberrypi1,0.000000112992708,kubernetes_cgrp_cpu,df8e98997558e3eccece894a42c360cd329e549b0f2e3f1e711f8b9cd40b9c2d
1736816229.399060889,raspberrypi1,0.000000112992708,kubernetes_cgrp_cpu,df8e98997558e3eccece894a42c360cd329e549b0f2e3f1e711f8b9cd40b9c2d
1736816229.901733069,raspberrypi1,0.000000112992708,kubernetes_cgrp_cpu,df8e98997558e3eccece894a42c360cd329e549b0f2e3f1e711f8b9cd40b9c2d
1736816230.399370063,raspberrypi1,0.000000112992708,kubernetes_cgrp_cpu,df8e98997558e3eccece894a42c360cd329e549b0f2e3f1e711f8b9cd40b9c2d
1736816230.898690547,raspberrypi1,0.000000112992708,kubernetes_cgrp_cpu,df8e98997558e3eccece894a42c360cd329e549b0f2e3f1e711f8b9cd40b9c2d
1736816231.399962789,raspberrypi1,0.000000112992708,kubernetes_cgrp_cpu,df8e98997558e3eccece894a42c360cd329e549b0f2e3f1e711f8b9cd40b9c2d
1736816231.908127089,raspberrypi1,0.000000112992708,kubernetes_cgrp_cpu,df8e98997558e3eccece894a42c360cd329e549b0f2e3f1e711f8b9cd40b9c2d
1736816232.397664092,raspberrypi1,0.000000112992708,kubernetes_cgrp_cpu,df8e98997558e3eccece894a42c360cd329e549b0f2e3f1e711f8b9cd40b9c2d
1736816232.900729655,raspberrypi1,0.000000112992708,kubernetes_cgrp_cpu,df8e98997558e3eccece894a42c360cd329e549b0f2e3f1e711f8b9cd40b9c2d
1736816233.435906973,raspberrypi1,0.000000112992708,kubernetes_cgrp_cpu,df8e98997558e3eccece894a42c360cd329e549b0f2e3f1e711f8b9cd40b9c2d
1736816233.897266317,raspberrypi1,0.000000112992708,kubernetes_cgrp_cpu,df8e98997558e3eccece894a42c360cd329e549b0f2e3f1e711f8b9cd40b9c2d
1736816234.400114525,raspberrypi1,0.000000112992708,kubernetes_cgrp_cpu,df8e98997558e3eccece894a42c360cd329e549b0f2e3f1e711f8b9cd40b9c2d
1736816234.901912282,raspberrypi1,0.000000112992708,kubernetes_cgrp_cpu,df8e98997558e3eccece894a42c360cd329e549b0f2e3f1e711f8b9cd40b9c2d
1736816235.399864029,raspberrypi1,0.000000112992708,kubernetes_cgrp_cpu,df8e98997558e3eccece894a42c360cd329e549b0f2e3f1e711f8b9cd40b9c2d
1736816235.901172974,raspberrypi1,0.000000112992708,kubernetes_cgrp_cpu,df8e98997558e3eccece894a42c360cd329e549b0f2e3f1e711f8b9cd40b9c2d
1736816236.395513471,raspberrypi1,0.000000112992708,kubernetes_cgrp_cpu,df8e98997558e3eccece894a42c360cd329e549b0f2e3f1e711f8b9cd40b9c2d
1736816236.907586533,raspberrypi1,0.000000112992708,kubernetes_cgrp_cpu,df8e98997558e3eccece894a42c360cd329e549b0f2e3f1e711f8b9cd40b9c2d
1736816237.399416345,raspberrypi1,0.000000112992708,kubernetes_cgrp_cpu,df8e98997558e3eccece894a42c360cd329e549b0f2e3f1e711f8b9cd40b9c2d
1736816237.899292781,raspberrypi1,0.000000112992708,kubernetes_cgrp_cpu,df8e98997558e3eccece894a42c360cd329e549b0f2e3f1e711f8b9cd40b9c2d
1736816238.411418820,raspberrypi1,0.000000112992708,kubernetes_cgrp_cpu,df8e98997558e3eccece894a42c360cd329e549b0f2e3f1e711f8b9cd40b9c2d
1736816238.900993670,raspberrypi1,0.000000117905435,kubernetes_cgrp_cpu,df8e98997558e3eccece894a42c360cd329e549b0f2e3f1e711f8b9cd40b9c2d
1736816239.400514734,raspberrypi1,0.000000112992708,kubernetes_cgrp_cpu,df8e98997558e3eccece894a42c360cd329e549b0f2e3f1e711f8b9cd40b9c2d
1736816239.903573310,raspberrypi1,0.000000112992708,kubernetes_cgrp_cpu,df8e98997558e3eccece894a42c360cd329e549b0f2e3f1e711f8b9cd40b9c2d
1736816240.400061748,raspberrypi1,0.000000112992708,kubernetes_cgrp_cpu,df8e98997558e3eccece894a42c360cd329e549b0f2e3f1e711f8b9cd40b9c2d
1736816240.898127658,raspberrypi1,0.000000112992708,kubernetes_cgrp_cpu,df8e98997558e3eccece894a42c360cd329e549b0f2e3f1e711f8b9cd40b9c2d
1736816241.398145511,raspberrypi1,0.000000112992708,kubernetes_cgrp_cpu,df8e98997558e3eccece894a42c360cd329e549b0f2e3f1e711f8b9cd40b9c2d
1736816241.906832393,raspberrypi1,0.000000112992708,kubernetes_cgrp_cpu,df8e98997558e3eccece894a42c360cd329e549b0f2e3f1e711f8b9cd40b9c2d
1736816242.399821634,raspberrypi1,0.000000112992708,kubernetes_cgrp_cpu,df8e98997558e3eccece894a42c360cd329e549b0f2e3f1e711f8b9cd40b9c2d
1736816242.901020796,raspberrypi1,0.000000112992708,kubernetes_cgrp_cpu,df8e98997558e3eccece894a42c360cd329e549b0f2e3f1e711f8b9cd40b9c2d
1736816243.404072031,raspberrypi1,0.000000112992708,kubernetes_cgrp_cpu,df8e98997558e3eccece894a42c360cd329e549b0f2e3f1e711f8b9cd40b9c2d
1736816243.901147075,raspberrypi1,0.000000112992708,kubernetes_cgrp_cpu,df8e98997558e3eccece894a42c360cd329e549b0f2e3f1e711f8b9cd40b9c2d
1736816244.398494964,raspberrypi1,0.000000117905435,kubernetes_cgrp_cpu,df8e98997558e3eccece894a42c360cd329e549b0f2e3f1e711f8b9cd40b9c2d
1736816244.906497627,raspberrypi1,0.000000112992708,kubernetes_cgrp_cpu,df8e98997558e3eccece894a42c360cd329e549b0f2e3f1e711f8b9cd40b9c2d
1736816245.406686159,raspberrypi1,0.000000112992708,kubernetes_cgrp_cpu,df8e98997558e3eccece894a42c360cd329e549b0f2e3f1e711f8b9cd40b9c2d
1736816245.898629092,raspberrypi1,0.000000112992708,kubernetes_cgrp_cpu,df8e98997558e3eccece894a42c360cd329e549b0f2e3f1e711f8b9cd40b9c2d
1736816246.396934156,raspberrypi1,0.000000112992708,kubernetes_cgrp_cpu,df8e98997558e3eccece894a42c360cd329e549b0f2e3f1e711f8b9cd40b9c2d
1736816246.913750768,raspberrypi1,0.000000112992708,kubernetes_cgrp_cpu,df8e98997558e3eccece894a42c360cd329e549b0f2e3f1e711f8b9cd40b9c2d
1736816247.397267574,raspberrypi1,0.000000112992708,kubernetes_cgrp_cpu,df8e98997558e3eccece894a42c360cd329e549b0f2e3f1e711f8b9cd40b9c2d
1736816247.894390316,raspberrypi1,0.000000117905435,kubernetes_cgrp_cpu,df8e98997558e3eccece894a42c360cd329e549b0f2e3f1e711f8b9cd40b9c2d
1736816248.448008255,raspberrypi1,0.000000112992708,kubernetes_cgrp_cpu,df8e98997558e3eccece894a42c360cd329e549b0f2e3f1e711f8b9cd40b9c2d
1736816248.901778361,raspberrypi1,0.000000112992708,kubernetes_cgrp_cpu,df8e98997558e3eccece894a42c360cd329e549b0f2e3f1e711f8b9cd40b9c2d
1736816249.409608627,raspberrypi1,0.000000112992708,kubernetes_cgrp_cpu,df8e98997558e3eccece894a42c360cd329e549b0f2e3f1e711f8b9cd40b9c2d
1736816249.904901639,raspberrypi1,0.000000112992708,kubernetes_cgrp_cpu,df8e98997558e3eccece894a42c360cd329e549b0f2e3f1e711f8b9cd40b9c2d
1736816250.400624310,raspberrypi1,0.000000112992708,kubernetes_cgrp_cpu,df8e98997558e3eccece894a42c360cd329e549b0f2e3f1e711f8b9cd40b9c2d
1736816250.899967994,raspberrypi1,0.000000112992708,kubernetes_cgrp_cpu,df8e98997558e3eccece894a42c360cd329e549b0f2e3f1e711f8b9cd40b9c2d
1736816251.404114304,raspberrypi1,0.000000112992708,kubernetes_cgrp_cpu,df8e98997558e3eccece894a42c360cd329e549b0f2e3f1e711f8b9cd40b9c2d
1736816251.899094537,raspberrypi1,0.000000112992708,kubernetes_cgrp_cpu,df8e98997558e3eccece894a42c360cd329e549b0f2e3f1e711f8b9cd40b9c2d
1736816252.398299142,raspberrypi1,0.000000112992708,kubernetes_cgrp_cpu,df8e98997558e3eccece894a42c360cd329e549b0f2e3f1e711f8b9cd40b9c2d
1736816252.909440106,raspberrypi1,0.000000112992708,kubernetes_cgrp_cpu,df8e98997558e3eccece894a42c360cd329e549b0f2e3f1e711f8b9cd40b9c2d
1736816253.401091357,raspberrypi1,0.000000112992708,kubernetes_cgrp_cpu,df8e98997558e3eccece894a42c360cd329e549b0f2e3f1e711f8b9cd40b9c2d
1736816253.900066540,raspberrypi1,0.000000112992708,kubernetes_cgrp_cpu,df8e98997558e3eccece894a42c360cd329e549b0f2e3f1e711f8b9cd40b9c2d
1736816254.401177053,raspberrypi1,0.000000112992708,kubernetes_cgrp_cpu,df8e98997558e3eccece894a42c360cd329e549b0f2e3f1e711f8b9cd40b9c2d
1736816254.904431184,raspberrypi1,0.000000112992708,kubernetes_cgrp_cpu,df8e98997558e3eccece894a42c360cd329e549b0f2e3f1e711f8b9cd40b9c2d
1736816258.909713282,raspberrypi1,0.000000115093478,kubernetes_cgrp_cpu,d9348f69902e3c50d6341f8dad50cfbeac4b99549d70f3dbf97df5fa71501d05
1736816259.416733560,raspberrypi1,0.000000110297917,kubernetes_cgrp_cpu,d9348f69902e3c50d6341f8dad50cfbeac4b99549d70f3dbf97df5fa71501d05
1736816259.906285781,raspberrypi1,0.000000111694792,kubernetes_cgrp_cpu,d9348f69902e3c50d6341f8dad50cfbeac4b99549d70f3dbf97df5fa71501d05
1736816260.425799968,raspberrypi1,0.000000114871875,kubernetes_cgrp_cpu,d9348f69902e3c50d6341f8dad50cfbeac4b99549d70f3dbf97df5fa71501d05
1736816260.902003598,raspberrypi1,0.000000114871875,kubernetes_cgrp_cpu,d9348f69902e3c50d6341f8dad50cfbeac4b99549d70f3dbf97df5fa71501d05
1736816261.398738427,raspberrypi1,0.000000114871875,kubernetes_cgrp_cpu,d9348f69902e3c50d6341f8dad50cfbeac4b99549d70f3dbf97df5fa71501d05
1736816261.900472169,raspberrypi1,0.000000114871875,kubernetes_cgrp_cpu,d9348f69902e3c50d6341f8dad50cfbeac4b99549d70f3dbf97df5fa71501d05
1736816262.412936422,raspberrypi1,0.000000114871875,kubernetes_cgrp_cpu,d9348f69902e3c50d6341f8dad50cfbeac4b99549d70f3dbf97df5fa71501d05
1736816262.901588644,raspberrypi1,0.000000114871875,kubernetes_cgrp_cpu,d9348f69902e3c50d6341f8dad50cfbeac4b99549d70f3dbf97df5fa71501d05
1736816263.409364651,raspberrypi1,0.000000114871875,kubernetes_cgrp_cpu,d9348f69902e3c50d6341f8dad50cfbeac4b99549d70f3dbf97df5fa71501d05
1736816263.902066415,raspberrypi1,0.000000114871875,kubernetes_cgrp_cpu,d9348f69902e3c50d6341f8dad50cfbeac4b99549d70f3dbf97df5fa71501d05
1736816264.403165745,raspberrypi1,0.000000114871875,kubernetes_cgrp_cpu,d9348f69902e3c50d6341f8dad50cfbeac4b99549d70f3dbf97df5fa71501d05
1736816264.907789628,raspberrypi1,0.000000114871875,kubernetes_cgrp_cpu,d9348f69902e3c50d6341f8dad50cfbeac4b99549d70f3dbf97df5fa71501d05
1736816265.403468532,raspberrypi1,0.000000114871875,kubernetes_cgrp_cpu,d9348f69902e3c50d6341f8dad50cfbeac4b99549d70f3dbf97df5fa71501d05
1736816265.911927052,raspberrypi1,0.000000114871875,kubernetes_cgrp_cpu,d9348f69902e3c50d6341f8dad50cfbeac4b99549d70f3dbf97df5fa71501d05
1736816266.404080386,raspberrypi1,0.000000114871875,kubernetes_cgrp_cpu,d9348f69902e3c50d6341f8dad50cfbeac4b99549d70f3dbf97df5fa71501d05
1736816266.917478389,raspberrypi1,0.000000114871875,kubernetes_cgrp_cpu,d9348f69902e3c50d6341f8dad50cfbeac4b99549d70f3dbf97df5fa71501d05
1736816267.413660322,raspberrypi1,0.000000114871875,kubernetes_cgrp_cpu,d9348f69902e3c50d6341f8dad50cfbeac4b99549d70f3dbf97df5fa71501d05
1736816267.907728606,raspberrypi1,0.000000114871875,kubernetes_cgrp_cpu,d9348f69902e3c50d6341f8dad50cfbeac4b99549d70f3dbf97df5fa71501d05
1736816268.406536463,raspberrypi1,0.000000114871875,kubernetes_cgrp_cpu,d9348f69902e3c50d6341f8dad50cfbeac4b99549d70f3dbf97df5fa71501d05
1736816268.900470764,raspberrypi1,0.000000114871875,kubernetes_cgrp_cpu,d9348f69902e3c50d6341f8dad50cfbeac4b99549d70f3dbf97df5fa71501d05
1736816269.404014975,raspberrypi1,0.000000114871875,kubernetes_cgrp_cpu,d9348f69902e3c50d6341f8dad50cfbeac4b99549d70f3dbf97df5fa71501d05
1736816269.922692808,raspberrypi1,0.000000114871875,kubernetes_cgrp_cpu,d9348f69902e3c50d6341f8dad50cfbeac4b99549d70f3dbf97df5fa71501d05
1736816270.401526334,raspberrypi1,0.000000114871875,kubernetes_cgrp_cpu,d9348f69902e3c50d6341f8dad50cfbeac4b99549d70f3dbf97df5fa71501d05
1736816270.901578922,raspberrypi1,0.000000114871875,kubernetes_cgrp_cpu,d9348f69902e3c50d6341f8dad50cfbeac4b99549d70f3dbf97df5fa71501d05
1736816271.406012142,raspberrypi1,0.000000114871875,kubernetes_cgrp_cpu,d9348f69902e3c50d6341f8dad50cfbeac4b99549d70f3dbf97df5fa71501d05
1736816271.903417913,raspberrypi1,0.000000114871875,kubernetes_cgrp_cpu,d9348f69902e3c50d6341f8dad50cfbeac4b99549d70f3dbf97df5fa71501d05
1736816272.400733938,raspberrypi1,0.000000114871875,kubernetes_cgrp_cpu,d9348f69902e3c50d6341f8dad50cfbeac4b99549d70f3dbf97df5fa71501d05
1736816272.908163453,raspberrypi1,0.000000114871875,kubernetes_cgrp_cpu,d9348f69902e3c50d6341f8dad50cfbeac4b99549d70f3dbf97df5fa71501d05
1736816273.403858191,raspberrypi1,0.000000114871875,kubernetes_cgrp_cpu,d9348f69902e3c50d6341f8dad50cfbeac4b99549d70f3dbf97df5fa71501d05
1736816273.899848133,raspberrypi1,0.000000114871875,kubernetes_cgrp_cpu,d9348f69902e3c50d6341f8dad50cfbeac4b99549d70f3dbf97df5fa71501d05
1736816274.420726811,raspberrypi1,0.000000114871875,kubernetes_cgrp_cpu,d9348f69902e3c50d6341f8dad50cfbeac4b99549d70f3dbf97df5fa71501d05
1736816274.902980861,raspberrypi1,0.000000114871875,kubernetes_cgrp_cpu,d9348f69902e3c50d6341f8dad50cfbeac4b99549d70f3dbf97df5fa71501d05
1736816275.413384422,raspberrypi1,0.000000114871875,kubernetes_cgrp_cpu,d9348f69902e3c50d6341f8dad50cfbeac4b99549d70f3dbf97df5fa71501d05
1736816275.910794980,raspberrypi1,0.000000114871875,kubernetes_cgrp_cpu,d9348f69902e3c50d6341f8dad50cfbeac4b99549d70f3dbf97df5fa71501d05
1736816276.406027362,raspberrypi1,0.000000114871875,kubernetes_cgrp_cpu,d9348f69902e3c50d6341f8dad50cfbeac4b99549d70f3dbf97df5fa71501d05
1736816276.897756974,raspberrypi1,0.000000114871875,kubernetes_cgrp_cpu,d9348f69902e3c50d6341f8dad50cfbeac4b99549d70f3dbf97df5fa71501d05
1736816277.404691794,raspberrypi1,0.000000114871875,kubernetes_cgrp_cpu,d9348f69902e3c50d6341f8dad50cfbeac4b99549d70f3dbf97df5fa71501d05
1736816277.919728268,raspberrypi1,0.000000114871875,kubernetes_cgrp_cpu,d9348f69902e3c50d6341f8dad50cfbeac4b99549d70f3dbf97df5fa71501d05
1736816278.400225520,raspberrypi1,0.000000119866304,kubernetes_cgrp_cpu,d9348f69902e3c50d6341f8dad50cfbeac4b99549d70f3dbf97df5fa71501d05
1736816278.901071937,raspberrypi1,0.000000119866304,kubernetes_cgrp_cpu,d9348f69902e3c50d6341f8dad50cfbeac4b99549d70f3dbf97df5fa71501d05
1736816279.406366541,raspberrypi1,0.000000114871875,kubernetes_cgrp_cpu,d9348f69902e3c50d6341f8dad50cfbeac4b99549d70f3dbf97df5fa71501d05
1736816279.897894943,raspberrypi1,0.000000114871875,kubernetes_cgrp_cpu,d9348f69902e3c50d6341f8dad50cfbeac4b99549d70f3dbf97df5fa71501d05
1736816280.409941057,raspberrypi1,0.000000114871875,kubernetes_cgrp_cpu,d9348f69902e3c50d6341f8dad50cfbeac4b99549d70f3dbf97df5fa71501d05
1736816280.904004699,raspberrypi1,0.000000114871875,kubernetes_cgrp_cpu,d9348f69902e3c50d6341f8dad50cfbeac4b99549d70f3dbf97df5fa71501d05
1736816281.401669978,raspberrypi1,0.000000114871875,kubernetes_cgrp_cpu,d9348f69902e3c50d6341f8dad50cfbeac4b99549d70f3dbf97df5fa71501d05
1736816281.908150444,raspberrypi1,0.000000114871875,kubernetes_cgrp_cpu,d9348f69902e3c50d6341f8dad50cfbeac4b99549d70f3dbf97df5fa71501d05
1736816282.403325089,raspberrypi1,0.000000114871875,kubernetes_cgrp_cpu,d9348f69902e3c50d6341f8dad50cfbeac4b99549d70f3dbf97df5fa71501d05
1736816282.905782894,raspberrypi1,0.000000114871875,kubernetes_cgrp_cpu,d9348f69902e3c50d6341f8dad50cfbeac4b99549d70f3dbf97df5fa71501d05
1736816283.400845055,raspberrypi1,0.000000114871875,kubernetes_cgrp_cpu,d9348f69902e3c50d6341f8dad50cfbeac4b99549d70f3dbf97df5fa71501d05
1736816283.908735841,raspberrypi1,0.000000114871875,kubernetes_cgrp_cpu,d9348f69902e3c50d6341f8dad50cfbeac4b99549d70f3dbf97df5fa71501d05
1736816284.405528248,raspberrypi1,0.000000114871875,kubernetes_cgrp_cpu,d9348f69902e3c50d6341f8dad50cfbeac4b99549d70f3dbf97df5fa71501d05
1736816284.904428052,raspberrypi1,0.000000114871875,kubernetes_cgrp_cpu,d9348f69902e3c50d6341f8dad50cfbeac4b99549d70f3dbf97df5fa71501d05
1736816285.403213351,raspberrypi1,0.000000114871875,kubernetes_cgrp_cpu,d9348f69902e3c50d6341f8dad50cfbeac4b99549d70f3dbf97df5fa71501d05
1736816285.921685788,raspberrypi1,0.000000114871875,kubernetes_cgrp_cpu,d9348f69902e3c50d6341f8dad50cfbeac4b99549d70f3dbf97df5fa71501d05
1736816286.398595538,raspberrypi1,0.000000114871875,kubernetes_cgrp_cpu,d9348f69902e3c50d6341f8dad50cfbeac4b99549d70f3dbf97df5fa71501d05
1736816286.902758470,raspberrypi1,0.000000119866304,kubernetes_cgrp_cpu,d9348f69902e3c50d6341f8dad50cfbeac4b99549d70f3dbf97df5fa71501d05
1736816287.404898187,raspberrypi1,0.000000114871875,kubernetes_cgrp_cpu,d9348f69902e3c50d6341f8dad50cfbeac4b99549d70f3dbf97df5fa71501d05
1736816287.901653330,raspberrypi1,0.000000114871875,kubernetes_cgrp_cpu,d9348f69902e3c50d6341f8dad50cfbeac4b99549d70f3dbf97df5fa71501d05
1736816288.394001217,raspberrypi1,0.000000119866304,kubernetes_cgrp_cpu,d9348f69902e3c50d6341f8dad50cfbeac4b99549d70f3dbf97df5fa71501d05
1736816288.899197471,raspberrypi1,0.000000114871875,kubernetes_cgrp_cpu,d9348f69902e3c50d6341f8dad50cfbeac4b99549d70f3dbf97df5fa71501d05
1736816289.410431497,raspberrypi1,0.000000114871875,kubernetes_cgrp_cpu,d9348f69902e3c50d6341f8dad50cfbeac4b99549d70f3dbf97df5fa71501d05
1736816289.899279017,raspberrypi1,0.000000114871875,kubernetes_cgrp_cpu,d9348f69902e3c50d6341f8dad50cfbeac4b99549d70f3dbf97df5fa71501d05
1736816290.412893600,raspberrypi1,0.000000114871875,kubernetes_cgrp_cpu,d9348f69902e3c50d6341f8dad50cfbeac4b99549d70f3dbf97df5fa71501d05
1736816290.907287138,raspberrypi1,0.000000114871875,kubernetes_cgrp_cpu,d9348f69902e3c50d6341f8dad50cfbeac4b99549d70f3dbf97df5fa71501d05
1736816291.399967829,raspberrypi1,0.000000114871875,kubernetes_cgrp_cpu,d9348f69902e3c50d6341f8dad50cfbeac4b99549d70f3dbf97df5fa71501d05
1736816291.899978533,raspberrypi1,0.000000114871875,kubernetes_cgrp_cpu,d9348f69902e3c50d6341f8dad50cfbeac4b99549d70f3dbf97df5fa71501d05
1736816292.399800270,raspberrypi1,0.000000114871875,kubernetes_cgrp_cpu,d9348f69902e3c50d6341f8dad50cfbeac4b99549d70f3dbf97df5fa71501d05
1736816292.900242543,raspberrypi1,0.000000114871875,kubernetes_cgrp_cpu,d9348f69902e3c50d6341f8dad50cfbeac4b99549d70f3dbf97df5fa71501d05
1736816293.404848841,raspberrypi1,0.000000114871875,kubernetes_cgrp_cpu,d9348f69902e3c50d6341f8dad50cfbeac4b99549d70f3dbf97df5fa71501d05
1736816293.907170488,raspberrypi1,0.000000114871875,kubernetes_cgrp_cpu,d9348f69902e3c50d6341f8dad50cfbeac4b99549d70f3dbf97df5fa71501d05
1736816294.399582283,raspberrypi1,0.000000114871875,kubernetes_cgrp_cpu,d9348f69902e3c50d6341f8dad50cfbeac4b99549d70f3dbf97df5fa71501d05
1736816294.899720830,raspberrypi1,0.000000119866304,kubernetes_cgrp_cpu,d9348f69902e3c50d6341f8dad50cfbeac4b99549d70f3dbf97df5fa71501d05
1736816295.405654281,raspberrypi1,0.000000114871875,kubernetes_cgrp_cpu,d9348f69902e3c50d6341f8dad50cfbeac4b99549d70f3dbf97df5fa71501d05
1736816295.899647899,raspberrypi1,0.000000114871875,kubernetes_cgrp_cpu,d9348f69902e3c50d6341f8dad50cfbeac4b99549d70f3dbf97df5fa71501d05
1736816296.400550785,raspberrypi1,0.000000114871875,kubernetes_cgrp_cpu,d9348f69902e3c50d6341f8dad50cfbeac4b99549d70f3dbf97df5fa71501d05
1736816296.902156595,raspberrypi1,0.000000114871875,kubernetes_cgrp_cpu,d9348f69902e3c50d6341f8dad50cfbeac4b99549d70f3dbf97df5fa71501d05
1736816297.409319015,raspberrypi1,0.000000114871875,kubernetes_cgrp_cpu,d9348f69902e3c50d6341f8dad50cfbeac4b99549d70f3dbf97df5fa71501d05
1736816301.909858999,raspberrypi1,0.000000115378261,kubernetes_cgrp_cpu,a9be68f882b232fd5fed4ed242eebdc5bedb1ea1ed8824b1872a5d0ab81b93c6

